---
title: ðŸ¬MySQL - ì†Œí¬ë¼í‹°ë¸Œë¡œ ë³µìŠµí•˜ëŠ” ë¸”ë¡œê·¸
date: 2021-01-13 22:30:00
category: development
draft: false
---

## ðŸ¼ë¨¼ì € ì˜ˆì œì˜ í…Œì´ë¸”ì„ ëª¨ì¡°ë¦¬ ë§Œë“¤ì–´ ë³´ìž.

### ðŸ•¹create database test;

test ë¼ëŠ” ì´ë¦„ì„ ê°€ì§„ ë°ì´í„° ë² ì´ìŠ¤ë¥¼ ë§Œë“¤ì—ˆë‹¤.

show databases; ë¡œ ëª¨ë“  ë°ì´í„° ë² ì´ìŠ¤ì˜ ëª©ë¡ì„ í™•ì¸í•  ìˆ˜ ìžˆë‹¤.

### ðŸ•¹use test;

test ë°ì´í„° ë² ì´ìŠ¤ ì‚¬ìš© í•˜ê¸°

ì•„ì§ì€ í…Œì´ë¸”ì´ ì—†ëŠ” Empty set ì´ë‹¤.

### ðŸ•¹create table í•˜ê¸°

```sql
create table users
    (id INT(10) NOT NULL AUTO_INCREMENT,
    name VARCHAR(100) NOT NULL,
    Hobby VARCHAR(100) NOT NULL,
    Age INT(10),
    PRIMARY KEY(id));
Query OK, 0 rows affected, 2 warnings (0.06 sec)
```

ì˜¤ ë­ê°€ ë§Œë“¤ì–´ ì¡Œì„ê¹Œ? show tables; ë¡œ í™•ì¸í•´ ë³´ìž.

```sql
mysql> show tables;
+----------------+
| Tables_in_test |
+----------------+
| users          |
+----------------+
1 row in set (0.00 sec)
```

users ë‚´ í…Œì´ë¸”ì€ ì–´ë–»ê²Œ êµ¬ì„±ë˜ëŠ”ì§€ ì¢€ ë” êµ¬ì²´ì ìœ¼ë¡œ í™•ì¸í•´ ë³´ìž.

```sql
mysql> describe users;
+-------+--------------+------+-----+---------+----------------+
| Field | Type         | Null | Key | Default | Extra          |
+-------+--------------+------+-----+---------+----------------+
| id    | int          | NO   | PRI | NULL    | auto_increment |
| name  | varchar(100) | NO   |     | NULL    |                |
| Hobby | varchar(100) | NO   |     | NULL    |                |
| Age   | int          | YES  |     | NULL    |                |
+-------+--------------+------+-----+---------+----------------+
4 rows in set (0.01 sec)
```

í…Œì´ë¸”ì„ ìž˜ ìƒì„±í•œ ê²ƒ ê°™ë‹¤.

í•˜ì§€ë§Œ users í…Œì´ë¸”ì—ëŠ” ì•„ì§ user ë“¤ì´ ì—†ìœ¼ë¯€ë¡œ ë„£ì–´ë³¸ë‹¤.

### ðŸ•¹INSERT INTO ë¡œ í…Œì´ë¸”ì— ê°’ ë„£ê¸°

```sql
mysql> INSERT INTO users(name,Hobby,Age) VALUES('Alice','programming',32);
Query OK, 1 row affected (0.02 sec)

mysql> INSERT INTO users(name,Hobby,Age) VALUES('Bob','gaming',16);
Query OK, 1 row affected (0.00 sec)

mysql> INSERT INTO users(name,Hobby,Age) VALUES('Carl','running',8);
Query OK, 1 row affected (0.00 sec)
```

ì˜¤í˜¸ ì†Œí¬ë¼í‹°ë¸Œ ì˜ˆì œì™€ ë˜‘ê°™ì€ (id ê°’ì€ ë…¼ì™¸ë¡œ ë‘ìž) í…Œì´ë¸”ì„ ë§Œë“¤ì—ˆë‹¤.

```sql
mysql> select * from users;
+----+-------+-------------+------+
| id | name  | Hobby       | Age  |
+----+-------+-------------+------+
|  1 | Alice | programming |   32 |
|  2 | Bob   | gaming      |   16 |
|  3 | Carl  | running     |    8 |
+----+-------+-------------+------+
3 rows in set (0.01 sec)
```

ì´ì œ ë¬¸ì œë¥¼ í’€ì–´ë³´ìž.

## 1. SQL ë°ì´í„° ë² ì´ìŠ¤ì— users í…Œì´ë¸”ì´ ìžˆë‹¤ê³  ê°€ì •í•´ë´…ì‹œë‹¤.

ì´ ë•Œ, ë‚˜ì´ê°€ 21ì„¸ ë¯¸ë§Œì¸ ìœ ì €ë“¤ì˜ ëª¨ë“  ì¹¼ëŸ¼ì„ ê²°ê³¼ë¡œ ì¶œë ¥í•˜ëŠ” SQL Queryë¬¸ì„ ìž‘ì„±í•´ ì£¼ì„¸ìš”.

```sql
mysql> select * from users where Age < 21;
+----+------+---------+------+
| id | name | Hobby   | Age  |
+----+------+---------+------+
|  2 | Bob  | gaming  |   16 |
|  3 | Carl | running |    8 |
+----+------+---------+------+
2 rows in set (0.01 sec)
```

ì˜¤ì¼€ì´.. 2ë²ˆ ë¬¸ì œë¡œ!

## 2. SQL ë°ì´í„° ë² ì´ìŠ¤ì— ì´ë¯¸ì§€ì™€ ê°™ì´ users í…Œì´ë¸”ê³¼ ë°ì´í„°ê°€ ìžˆë‹¤ê³  ê°€ì •í•´ ë´…ì‹œë‹¤.

ì´ ë•Œ, users í…Œì´ë¸”ì— ìƒˆë¡œìš´ ìœ ì €(user)ì¸ Dogë¥¼ ì¶”ê°€í•˜ëŠ” SQL Queryë¬¸ì„ ìž‘ì„±í•´ ì£¼ì„¸ìš”.

```sql
mysql> INSERT INTO users(name,Hobby,Age) VALUES('Dog','chasing cars',64);
Query OK, 1 row affected (0.00 sec)
```

ì´ì œ ìž˜ ë“¤ì–´ê°”ëŠ”ì§€ í™•ì¸í•´ ë³´ì•˜ë‹¤.

```sql
mysql> select * from users;
+----+-------+--------------+------+
| id | name  | Hobby        | Age  |
+----+-------+--------------+------+
|  1 | Alice | programming  |   32 |
|  2 | Bob   | gaming       |   16 |
|  3 | Carl  | running      |    8 |
|  4 | Dog   | chasing cars |   64 |
+----+-------+--------------+------+
4 rows in set (0.00 sec)
```

êµ¿êµ¿ ì´ì œ 3ë²ˆ ë¬¸ì œë¡œë‹¤ê°€~~ ê³ ê³ ì”½~~

## 3. SQL ë°ì´í„° ë² ì´ìŠ¤ì— users í…Œì´ë¸”ê³¼ comments í…Œì´ë¸”, ê·¸ë¦¬ê³  ê° ë‘ í…Œì´ë¸”ì— ëŒ€í•œ ë°ì´í„°ê°€ ìžˆë‹¤ê³  ê°€ì •í•´ ë´…ì‹œë‹¤.

ìœ ì €ê°€ ì—¬ëŸ¬ê°œì˜ commentë¥¼ ê°€ì§€ëŠ” ê´€ê³„ë¼ê³  í•  ë•Œ, ì´ ê´€ê³„ë¥¼ ë§Œë“¤ê¸° ìœ„í•´ì„œëŠ” ì–´ë–¤ í…Œì´ë¸”ì— ì–´ë–¤ ì¹¼ëŸ¼ì„ ì¶”ê°€ í•´ì•¼í• ê¹Œìš”??

A : comments í…Œì´ë¸”ì— user_id ì»¬ëŸ¼ì„ ì¶”ê°€í•©ë‹ˆë‹¤.

B : users í…Œì´ë¸”ì— comment_ids ì»¬ëŸ¼ì„ ì¶”ê°€í•©ë‹ˆë‹¤.

C : usersì™€ commentsì˜ join í…Œì´ë¸”ì— user_idì™€ comment_id ì»¬ëŸ¼ì„ ì¶”ê°€í•©ë‹ˆë‹¤.

í•´ì„¤ì“° - ìœ ì €ê°€ ì—¬ëŸ¬ê°œì˜ comment ë¥¼ ê°€ì§€ëŠ” ê´€ê³„, ì¦‰ ìœ ì €ê°€ 1 ì´ê³  comment ìž…ìž¥ì—ì„œëŠ” M ì˜ ê´€ê³„, One to Many ì˜ ê´€ê³„ ì´ë‹¤.

ê·¸ëŸ¬ë©´ Many ìª½ì¸ comment ì—ì„œ ê°ê°ì˜ comment ë“¤ì´ users í…Œì´ë¸”ë¡œ í™”ì‚´í‘œë¥¼ ë‚ ë¦¬ë¯€ë¡œ,

comment í…Œì´ë¸”ì— users ì˜ id ë¥¼ ì°¸ì¡°í•  ìˆ˜ ìžˆë„ë¡ user_id ì»¬ëŸ¼ì„ ì¶”ê°€í•´ ì¤€ë‹¤!

4ë²ˆ ë¬¸ì œë¥¼ í’€ê¸° ì „ì— ë˜ ì‚¬ì „ í”„ë ™ì„ í•´ì¤˜ì•¼ í•œë‹¤.

### ðŸ•¹pets í…Œì´ë¸” ë§Œë“¤ê¸° (CREATE TABLE PETS)

```sql
mysql> create table pets (
          id INT(10) NOT NULL AUTO_INCREMENT,
          name VARCHAR(100) NOT NULL,
          PRIMARY KEY(id),
          owner_id int,
          FOREIGN KEY(owner_id) REFERENCES users(id)
       );

Query OK, 0 rows affected, 1 warning (0.03 sec)
```

ì—¬ì°¨ì €ì°¨ ì°¾ì•„ë´ì„œ í…Œì´ë¸”ì„ ë§Œë“¤ë©´ì„œ ìœ ì € ìž…ìž¥ì—ì„œëŠ” íŽ«ì„ ì—¬ëŸ¬ ë§ˆë¦¬? ë¥¼ ê°€ì§ˆ ìˆ˜ ìžˆê³ , íŽ« ìž…ìž¥ì—ì„œëŠ” í•˜ë‚˜ì˜ ì£¼ì¸ì„ ë°”ë¼ë³´ë¯€ë¡œ ìœ ì € 1: íŽ«:M ì˜ ê´€ê³„ë¼ ì—¬ê²¼ë‹¤.

pets í…Œì´ë¸”ì— Foreign key ë¥¼ ë¬¼ë¦¬ëŠ” ë°©ë²•ì„ ì°¾ì•„ì„œ ì‹œë„í•´ ë³´ì•˜ë‹¤.

```sql
mysql> describe pets;
+----------+--------------+------+-----+---------+----------------+
| Field    | Type         | Null | Key | Default | Extra          |
+----------+--------------+------+-----+---------+----------------+
| id       | int          | NO   | PRI | NULL    | auto_increment |
| name     | varchar(100) | NO   |     | NULL    |                |
| owner_id | int          | YES  | MUL | NULL    |                |
+----------+--------------+------+-----+---------+----------------+
3 rows in set (0.00 sec)
```

ì–´? ë‚˜ëŠ” Foreign Key ë¥¼ ë¨¹ì˜€ëŠ”ë° MUL ì€ ë¬´ìŠ¨ ëœ»ì¼ê¹Œ?

Keyê°€ MUL ì¸ ê²½ìš°, ì—´ì€ ì£¼ì–´ì§„ ê°’ì˜ ì—¬ëŸ¬ í•­ëª©ì´ ì—´ ë‚´ì—ì„œ í—ˆìš©ë˜ëŠ” ê³ ìœ í•˜ì§€ ì•Šì€ ì¸ë±ìŠ¤ì˜ ì²« ë²ˆì§¸ ì—´ìž…ë‹ˆë‹¤.

Foreign Key ë¡œ ìž˜ ì—°ê²°ë˜ì—ˆë‹¤ëŠ” ëœ»ì¸ ê±¸ê¹Œ?

### ðŸ•¹pets í…Œì´ë¸” ì— ê°’ ë„£ê¸° (INSERT INTO)

```sql
mysql> insert into pets(name, owner_id) values('Henry',1);
Query OK, 1 row affected (0.01 sec)

mysql> insert into pets(name, owner_id) values('Fido',2);
Query OK, 1 row affected (0.01 sec)

mysql> insert into pets(name, owner_id) values('Tofu',1);
Query OK, 1 row affected (0.00 sec)

mysql> insert into pets(name) values('Muggles');
Query OK, 1 row affected (0.00 sec)
```

ì´ì œ pets í…Œì´ë¸”ì„ ë§Œë“¤ì—ˆê³  ë¬¸ì œë¥¼ í’€ ì¤€ë¹„ë¥¼ ëª¨ë‘ ë§ˆì³¤ë‹¤.

```sql
mysql> select * from pets;
+----+---------+----------+
| id | name    | owner_id |
+----+---------+----------+
|  1 | Henry   |        1 |
|  2 | Fido    |        2 |
|  3 | Tofu    |        1 |
|  4 | Muggles |     NULL |
+----+---------+----------+
4 rows in set (0.00 sec)
```

## 4. SQL ë°ì´í„° ë² ì´ìŠ¤ ì— ì´ë¯¸ì§€ì™€ ê°™ì´ users í…Œì´ë¸”ê³¼ pets í…Œì´ë¸”, ê·¸ë¦¬ê³  ê° ë‘ í…Œì´ë¸”ì— ëŒ€í•œ ë°ì´í„°ê°€ ìžˆë‹¤ê³  ê°€ì •í•´ë´…ì‹œë‹¤.(ì—¬ê¸°ì„œ owner_idëŠ” pets í…Œì´ë¸”ì˜ Foreign Key ìž…ë‹ˆë‹¤.)

ì´ ë•Œ, ìµœì†Œ í•˜ë‚˜ ì´ìƒì˜ petì„ ê°€ì§„ ëª¨ë“  ownerë¥¼ ì„ íƒí•˜ëŠ” SQL Queryë¬¸ì„ ìž‘ì„±í•´ ì£¼ì„¸ìš”.

(ë‹¨, usersì™€ pets í…Œì´ë¸”ì˜ ëª¨ë“  ì¹¼ëŸ¼ì„ ì„ íƒí•´ì•¼í•©ë‹ˆë‹¤.)

êµì§‘í•©, ì¦‰ INNER JOIN ì„ ë– ì˜¬ë¦¬ê¸°ê°€ íž˜ë“¤ì—ˆë˜ ê²ƒ ê°™ë‹¤.

ë‚˜ëŠ” ì‚¬ì‹¤ user LEFT JOIN pets ìœ¼ë¡œ í•œ ë’¤ì— WHERE ì ˆë¡œ pets ì˜ id, name, owner_id ê°€ NULL ì¸ ê²ƒì„ ì œì™¸í•˜ë ¤ê³  í–ˆë‹¤.

(ë­”ê°€ ë” ì–´ë µê²Œ ëŒì•„ê°„ ëŠë‚Œì´ê¸´ í–ˆë‹¤.)

```sql
mysql> select * from users as u inner join pets as p on u.id=p.owner_id;
+----+-------+-------------+------+----+-------+----------+
| id | name  | Hobby       | Age  | id | name  | owner_id |
+----+-------+-------------+------+----+-------+----------+
|  1 | Alice | programming |   32 |  1 | Henry |        1 |
|  1 | Alice | programming |   32 |  3 | Tofu  |        1 |
|  2 | Bob   | gaming      |   16 |  2 | Fido  |        2 |
+----+-------+-------------+------+----+-------+----------+
3 rows in set (0.01 sec)
```

LEFT JOIN ìœ¼ë¡œ user ë¥¼ ë‹¤ ê°€ì ¸ì˜¤ë©´ì„œ pet ì´ ì—†ì–´ë„ ë‹¤ null ë¡œ ì°ížˆë„ë¡ í•  ìˆ˜ë„ ìžˆë‹¤.

```sql
mysql> SELECT * FROM users LEFT JOIN pets ON users.id=pets.owner_id;
+----+-------+--------------+------+------+-------+----------+
| id | name  | Hobby        | Age  | id   | name  | owner_id |
+----+-------+--------------+------+------+-------+----------+
|  1 | Alice | programming  |   32 |    1 | Henry |        1 |
|  1 | Alice | programming  |   32 |    3 | Tofu  |        1 |
|  2 | Bob   | gaming       |   16 |    2 | Fido  |        2 |
|  3 | Carl  | running      |    8 | NULL | NULL  |     NULL |
|  4 | Dog   | chasing cars |   64 | NULL | NULL  |     NULL |
+----+-------+--------------+------+------+-------+----------+
5 rows in set (0.00 sec)
```

## 5. SQL ë°ì´í„°ë² ì´ìŠ¤ì— ì´ë¯¸ì§€ì™€ ê°™ì´ users í…Œì´ë¸”ê³¼ pets í…Œì´ë¸”, ê·¸ë¦¬ê³  ê° ë‘ í…Œì´ë¸”ì— ëŒ€í•œ ë°ì´í„°ê°€ ìžˆë‹¤ê³  ê°€ì •í•´ë´…ì‹œë‹¤.(ì—¬ê¸°ì„œ owner_idëŠ” pets í…Œì´ë¸”ì˜ Foreign Key ìž…ë‹ˆë‹¤.)

ì´ ë•Œ, petì˜ ì´ë¦„ê³¼ ownerì˜ ì´ë¦„ì„ ì„ íƒí•˜ëŠ” SQL Queryë¬¸ì„ ìž‘ì„± í•´ì£¼ì„¸ìš”.

(ë§Œì•½, ownerê°€ ì—†ë”ë¼ë„, petì€ ê²°ê³¼ë¡œ ì¶œë ¥ë˜ë„ë¡ í•´ì•¼í•©ë‹ˆë‹¤.)

ì¼ë‹¨ ë‘ í…Œì´ë¸”ì„ ë„ì›Œ ë†“ê³  ìƒê°í•´ ë³¸ë‹¤.

```sql
users table
+----+-------+--------------+------+
| id | name  | Hobby        | Age  |
+----+-------+--------------+------+
|  1 | Alice | programming  |   32 |
|  2 | Bob   | gaming       |   16 |
|  3 | Carl  | running      |    8 |
|  4 | Dog   | chasing cars |   64 |
+----+-------+--------------+------+

pets table
+----+---------+----------+
| id | name    | owner_id |
+----+---------+----------+
|  1 | Henry   |        1 |
|  2 | Fido    |        2 |
|  3 | Tofu    |        1 |
|  4 | Muggles |     NULL |
+----+---------+----------+
```

ë§Œì•½, ownerê°€ ì—†ë”ë¼ë„, petì€ ê²°ê³¼ë¡œ ì¶œë ¥ë˜ë„ë¡ í•´ì•¼ í•©ë‹ˆë‹¤.

ì´ ë¬¸êµ¬ê°€ ê±°ì˜ ê²°ì •íƒ€ ê¸‰ì´ë‹¤.

ëª¨ë“  pets ë¥¼ ê²°ê³¼ë¡œ ì¶œë ¥ë˜ë„ë¡ í•˜ë ¤ë©´ ì¼ë‹¨ ê¸°ì¤€ì´ ë˜ì–´ì•¼ í•œë‹¤. ê·¸ ë§ì¸ ì¦‰ìŠ¨ LEFT JOIN ì„ í•œë‹¤ë©´ ì™¼ìª½ì—ì„œ pets ì´ ì—£í—´ í•˜ê³  ìžˆì–´ì•¼ í•œë‹¤ëŠ” ì˜ë¯¸ì´ë‹¤.

```sql
mysql> select p.name, u.name from pets AS p LEFT JOIN users AS u ON p.owner_id=u.id;
+---------+-------+
| name    | name  |
+---------+-------+
| Henry   | Alice |
| Fido    | Bob   |
| Tofu    | Alice |
| Muggles | NULL  |
+---------+-------+
4 rows in set (0.00 sec)
```

ì™¼ìª½ì— pet ì´ë¦„ì€ ëª¨ë‘ ì¶œë ¥ë˜ì—ˆê³  ì˜¤ë¥¸ìª½ì˜ pet ì´ ìžˆëŠ” users ì´ë¦„ë“¤ì´ ì¶œë ¥ëœë‹¤.

í•˜ì§€ë§Œ ì£¼ì¸ì´ ì—†ëŠ” ê¸¸ê±°ë¦¬(?) íŽ«ì´ ìžˆë‹¤..

## 6. users í…Œì´ë¸”ê³¼ foods í…Œì´ë¸”ì´ ìžˆë‹¤ê³  ê°€ì •í•´ë´…ì‹œë‹¤.

ìœ ì €ê°€ ì¢‹ì•„í•˜ëŠ” ìˆ˜ ë§Œí¼ì˜ ìŒì‹ë“¤ì„ ì„ íƒí•  ìˆ˜ ìžˆë‹¤ê³  í•  ë•Œ,

ì´ëŸ¬í•œ ê´€ê³„ì— ë§žê²Œ ë°ì´í„°ë¥¼ ì €ìž¥í•˜ê¸° ìœ„í•´ì„œëŠ” ì–´ë–¤ í…Œì´ë¸”ì— ì–´ë–¤ ì¹¼ëŸ¼ì„ ì¶”ê°€í•´ì•¼ í• ê¹Œìš”?

A : foods í…Œì´ë¸”ì— user_id ì¹¼ëŸ¼ì„ ì¶”ê°€í•©ë‹ˆë‹¤

B : users í…Œì´ë¸”ì— food_ids ì¹¼ëŸ¼ì„ ì¶”ê°€í•©ë‹ˆë‹¤

C : users í…Œì´ë¸”ê³¼ foods í…Œì´ë¸”ì˜ join í…Œì´ë¸”ì— user_id, food_id ì¹¼ëŸ¼ì„ ì¶”ê°€í•©ë‹ˆë‹¤.

ì •ë‹µì€ C, many to many ì˜ ì¤‘ê°„ í…Œì´ë¸”ì— user_id, food_id ì¹¼ëŸ¼ì„ ì¶”ê°€ í•˜ëŠ” ê²ƒì„ ë§í•˜ê³  ìžˆë‹¤.

ë§ˆì§€ë§‰ 7ë²ˆ ë¬¸ì œë¥¼ ìœ„í•œ ì „ì²˜ë¦¬ë¥¼ ì‹œìž‘í•´ ë³¸ë‹¤.

### ðŸ•¹foods í…Œì´ë¸” ë§Œë“¤ê¸° & í…Œì´ë¸”ì— ê°’ ë„£ê¸°

```sql
mysql> create table foods(
    -> id INT(10) NOT NULL AUTO_INCREMENT,
    -> name VARCHAR(100) NOT NULL,
    -> PRIMARY KEY(id)
    -> );

mysql> insert into foods(name) values('apple');
Query OK, 1 row affected (0.01 sec)

mysql> insert into foods(name) values('orange');
Query OK, 1 row affected (0.00 sec)

mysql> insert into foods(name) values('pear');
Query OK, 1 row affected (0.01 sec)
```

ìŒ ì´ì œ foods í…Œì´ë¸”ì´ ì™„ì„±ë˜ì—ˆë‹¤.

```sql
mysql> select * from foods;
+----+--------+
| id | name   |
+----+--------+
|  1 | apple  |
|  2 | orange |
|  3 | pear   |
+----+--------+
3 rows in set (0.00 sec)
```

### ðŸ•¹users ì™€ foods ì˜ ì¤‘ê°„ í…Œì´ë¸” ë§Œë“¤ê¸°

ì¤‘ê°„ í…Œì´ë¸” ë§Œë“œëŠ” ë°©ë²•ì„ ì°¾ì•„ ë³´ì•˜ë‹¤.

https://medium.com/@emekadc/how-to-implement-one-to-one-one-to-many-and-many-to-many-relationships-when-designing-a-database-9da2de684710

```sql
mysql> create table favorite_foods(
    -> usersID INT(10) NOT NULL,
    -> foodsID INT(10) NOT NULL,
    -> FOREIGN KEY(usersID) REFERENCES users(id),
    -> FOREIGN KEY(foodsID) REFERENCES foods(id),
    -> UNIQUE(usersID, foodsID)
    -> );
Query OK, 0 rows affected, 2 warnings (0.06 sec)
```

ì¤‘ê°„ í…Œì´ë¸”ì—ì„œ ê°ê°ì˜ í…Œì´ë¸”ì„ ë°”ë¼ë³¼ usersID, foodsID ë¥¼ ë§Œë“¤ê³  FOREIGN KEY ë¡œ users ì˜ id ì™€ foods ì˜ id ë¥¼ ì°¸ì¡°í•˜ê²Œ í–ˆë‹¤.

```sql
mysql> insert into favorite_foods(usersID, foodsID) values(1, 2);
Query OK, 1 row affected (0.00 sec)

mysql> insert into favorite_foods(usersID, foodsID) values(2, 2);
Query OK, 1 row affected (0.01 sec)

mysql> insert into favorite_foods(usersID, foodsID) values(2, 3);
Query OK, 1 row affected (0.01 sec)

mysql> insert into favorite_foods(usersID, foodsID) values(2, 1);
Query OK, 1 row affected (0.00 sec)

mysql> select * from favorite_foods;
+---------+---------+
| usersID | foodsID |
+---------+---------+
|       2 |       1 |
|       1 |       2 |
|       2 |       2 |
|       2 |       3 |
+---------+---------+
4 rows in set (0.00 sec)
```

ì´ì œ ë¬¸ì œë¥¼ í’€ëŸ¬ ê°€ë³´ìž.

## 7. SQL ë°ì´í„° ë² ì´ìŠ¤ì— ì´ë¯¸ì§€ì™€ ê°™ì´ users í…Œì´ë¸”ê³¼ foods í…Œì´ë¸”ê³¼ favorite_foods í…Œì´ë¸”, ê·¸ë¦¬ê³  ê° í…Œì´ë¸”ì— ëŒ€í•œ ë°ì´í„°ê°€ ìžˆë‹¤ê³  ê°€ì •í•´ ë´…ì‹œë‹¤.

ì´ ë•Œ, ëª¨ë“  ìœ ì €ì™€ ê·¸ë“¤ì´ ì¢‹ì•„í•˜ëŠ” ìŒì‹ë“¤ì„ ì„ íƒí•˜ëŠ” SQL Queryë¬¸ì„ ìž‘ì„±í•˜ì„¸ìš”.

(ë§Œì•½, ìœ ì €ê°€ ì¢‹ì•„í•˜ëŠ” ìŒì‹ì´ ì—†ë”ë¼ë„, ê²°ê³¼ì— ë‚˜íƒ€ë‚˜ì•¼í•©ë‹ˆë‹¤.)

ëª¨ë“  í…Œì´ë¸”ì„ ë‹¤ êº¼ë‚´ë†“ê³  ìƒê°í•œë‹¤.

```sql
mysql> select * from users;
+----+-------+--------------+------+
| id | name  | Hobby        | Age  |
+----+-------+--------------+------+
|  1 | Alice | programming  |   32 |
|  2 | Bob   | gaming       |   16 |
|  3 | Carl  | running      |    8 |
|  4 | Dog   | chasing cars |   64 |
+----+-------+--------------+------+

mysql> select * from favorite_foods;
+---------+---------+
| usersID | foodsID |
+---------+---------+
|       2 |       1 |
|       1 |       2 |
|       2 |       2 |
|       2 |       3 |
+---------+---------+

mysql> select * from foods;
+----+--------+
| id | name   |
+----+--------+
|  1 | apple  |
|  2 | orange |
|  3 | pear   |
+----+--------+
```

SELECT ë¶€ë¶„ì— ê²°ê³¼ì ìœ¼ë¡œ ë‚´ê°€ ì–»ê³ ìž í•˜ëŠ” ê°’ë“¤ì„ (ì»¬ëŸ¼) ë‚˜ì—´í•´ì£¼ê³  FROM ì˜¤ë¥¸ìª½ ë¶€í„° ê¸°ì¤€ì´ ë˜ëŠ” users ë¶€í„° LEFT JOIN í•´ì„œ

ì¤‘ê°„ í…Œì´ë¸”ì´ ë§ê·¸ëŒ€ë¡œ ì¤‘ê°„ ë‹¤ë¦¬ê°€ ë˜ì–´ì„œ JOIN ì´ ëœ ê²°ê³¼ì— foods ë¥¼ ë‹¤ì‹œ LEFT JOIN ì„ í•˜ëŠ” ê·¸ë¦¼ì´ë‹¤.

```sql
mysql> select u.id, u.name, f.name FROM users AS u LEFT JOIN favorite_foods AS ff
ON u.id=ff.usersID LEFT JOIN foods AS f ON ff.foodsID = f.id;

+----+-------+--------+
| id | name  | name   |
+----+-------+--------+
|  1 | Alice | orange |
|  2 | Bob   | apple  |
|  2 | Bob   | orange |
|  2 | Bob   | pear   |
|  3 | Carl  | NULL   |
|  4 | Dog   | NULL   |
+----+-------+--------+

6 rows in set (0.00 sec)
```
